本資料編號,段號,使用分區,使用地類別,魚塭號,縣市,鄉鎮區,漁編,段名,地號,環社分區,魚塭面積
9806,EF311011950000,一般農業區,農牧用地,357,高雄市,永安區,高雄市永安區357,復興段,1195,先行區,573.319
10470,EJ284613250000,一般農業區,農牧用地,54-1,高雄市,路竹區,高雄市路竹區54-1,福善段,1325,先行區,1881.569
10778,EJ284614980000,一般農業區,農牧用地,61-2,高雄市,路竹區,高雄市路竹區61-2,福善段,1498,先行區,1105.977
10990,EJ284613570000,一般農業區,農牧用地,54-1,高雄市,路竹區,高雄市路竹區54-1,福善段,1357,先行區,6.653
11238,EJ281100520001,一般農業區,農牧用地,276-1,高雄市,路竹區,高雄市路竹區276-1,三爺埤段,52-1,先行區,613.676
11239,EJ281100520001,一般農業區,農牧用地,276,高雄市,路竹區,高雄市路竹區276,三爺埤段,52-1,先行區,1291.129
11255,EJ281100520029,一般農業區,農牧用地,276-1,高雄市,路竹區,高雄市路竹區276-1,三爺埤段,52-29,先行區,2938.358
11256,EJ281100520029,一般農業區,農牧用地,276,高雄市,路竹區,高雄市路竹區276,三爺埤段,52-29,先行區,5745.332
11257,EJ281100520029,一般農業區,農牧用地,277,高雄市,路竹區,高雄市路竹區277,三爺埤段,52-29,先行區,7043.543
11258,EJ281100520030,一般農業區,農牧用地,277,高雄市,路竹區,高雄市路竹區277,三爺埤段,52-30,先行區,134.424
11317,EJ281100630000,一般農業區,農牧用地,276-1,高雄市,路竹區,高雄市路竹區276-1,三爺埤段,63,先行區,1837.757
11318,EJ281100630001,一般農業區,農牧用地,276-1,高雄市,路竹區,高雄市路竹區276-1,三爺埤段,63-1,先行區,60.545
11359,EJ281100690000,一般農業區,農牧用地,276,高雄市,路竹區,高雄市路竹區276,三爺埤段,69,先行區,1.92
11360,EJ281100690001,一般農業區,農牧用地,276,高雄市,路竹區,高雄市路竹區276,三爺埤段,69-1,先行區,372.959
11361,EJ281100700000,一般農業區,農牧用地,276,高雄市,路竹區,高雄市路竹區276,三爺埤段,70,先行區,1790.906
46604,EJ282201030000,一般農業區,農牧用地,153,高雄市,路竹區,高雄市路竹區153,新興段,103,先行區,15.384
46605,EJ282201040000,一般農業區,農牧用地,153,高雄市,路竹區,高雄市路竹區153,新興段,104,先行區,508.341
46607,EJ282201060000,一般農業區,農牧用地,153,高雄市,路竹區,高雄市路竹區153,新興段,106,先行區,542.666
46609,EJ282201070000,一般農業區,農牧用地,153,高雄市,路竹區,高雄市路竹區153,新興段,107,先行區,89.801
93824,EJ270423320000,特定農業區,農牧用地,50-1,高雄市,阿蓮區,高雄市阿蓮區50-1,崙子頂段,2332,優先區,51.215
93825,EJ270423320000,特定農業區,農牧用地,50-1,高雄市,阿蓮區,高雄市阿蓮區50-1,崙子頂段,2332,優先區,27.358
93826,EJ270423330000,特定農業區,農牧用地,50-1,高雄市,阿蓮區,高雄市阿蓮區50-1,崙子頂段,2333,優先區,298.562
93827,EJ270423330001,特定農業區,農牧用地,50-1,高雄市,阿蓮區,高雄市阿蓮區50-1,崙子頂段,2333-1,優先區,1043.156
93828,EJ270423350000,特定農業區,農牧用地,50-1,高雄市,阿蓮區,高雄市阿蓮區50-1,崙子頂段,2335,優先區,1289.995
93829,EJ270423360000,特定農業區,農牧用地,50-1,高雄市,阿蓮區,高雄市阿蓮區50-1,崙子頂段,2336,優先區,994.665
94177,EJ271128460000,特定農業區,農牧用地,40-2,高雄市,阿蓮區,高雄市阿蓮區40-2,阿蓮段,2846,優先區,1273.49
94178,EJ271128470000,特定農業區,農牧用地,40-2,高雄市,阿蓮區,高雄市阿蓮區40-2,阿蓮段,2847,優先區,81.394
94851,EJ282201050000,一般農業區,農牧用地,153,高雄市,路竹區,高雄市路竹區153,新興段,105,優先區,5.752
94935,EJ283211600000,一般農業區,農牧用地,758,高雄市,路竹區,高雄市路竹區758,華山段,1160,優先區,5.514
94936,EJ283211610000,一般農業區,農牧用地,772,高雄市,路竹區,高雄市路竹區772,華山段,1161,優先區,0.06
94937,EJ283211620000,一般農業區,農牧用地,758,高雄市,路竹區,高雄市路竹區758,華山段,1162,優先區,1541.348
94938,EJ283211620000,一般農業區,農牧用地,753,高雄市,路竹區,高雄市路竹區753,華山段,1162,優先區,1357.021
94939,EJ283211630000,一般農業區,農牧用地,758,高雄市,路竹區,高雄市路竹區758,華山段,1163,優先區,30.379
94940,EJ283211630000,一般農業區,農牧用地,753,高雄市,路竹區,高雄市路竹區753,華山段,1163,優先區,3.792
94941,EJ283211630000,一般農業區,農牧用地,770,高雄市,路竹區,高雄市路竹區770,華山段,1163,優先區,1104.755
94942,EJ283211630000,一般農業區,農牧用地,772,高雄市,路竹區,高雄市路竹區772,華山段,1163,優先區,25.284
94946,EJ283211640000,一般農業區,農牧用地,753,高雄市,路竹區,高雄市路竹區753,華山段,1164,優先區,2.345
94947,EJ283211640000,一般農業區,農牧用地,770,高雄市,路竹區,高雄市路竹區770,華山段,1164,優先區,602.989
94948,EJ283211640000,一般農業區,農牧用地,772,高雄市,路竹區,高雄市路竹區772,華山段,1164,優先區,917.53
94950,EJ283211650000,一般農業區,農牧用地,772,高雄市,路竹區,高雄市路竹區772,華山段,1165,優先區,1184.063
94969,EJ283211820000,一般農業區,農牧用地,773-1,高雄市,路竹區,高雄市路竹區773-1,華山段,1182,優先區,2278.792
94973,EJ283211830000,一般農業區,農牧用地,773-1,高雄市,路竹區,高雄市路竹區773-1,華山段,1183,優先區,2.076
95430,EJ283702950000,一般農業區,農牧用地,551,高雄市,路竹區,高雄市路竹區551,三爺段,295,優先區,908.05
95431,EJ283702950001,一般農業區,農牧用地,551,高雄市,路竹區,高雄市路竹區551,三爺段,295-1,優先區,3852.633
95432,EJ283702950002,一般農業區,農牧用地,551,高雄市,路竹區,高雄市路竹區551,三爺段,295-2,優先區,3290.588
95433,EJ283702950002,一般農業區,農牧用地,552,高雄市,路竹區,高雄市路竹區552,三爺段,295-2,優先區,590.238
95434,EJ283702950003,一般農業區,農牧用地,551,高雄市,路竹區,高雄市路竹區551,三爺段,295-3,優先區,4356.873
95435,EJ283702950003,一般農業區,農牧用地,552,高雄市,路竹區,高雄市路竹區552,三爺段,295-3,優先區,26.166
95436,EJ283702950003,一般農業區,農牧用地,552,高雄市,路竹區,高雄市路竹區552,三爺段,295-3,優先區,24.675
95437,EJ283702960000,一般農業區,農牧用地,551,高雄市,路竹區,高雄市路竹區551,三爺段,296,優先區,0.009
95438,EJ283702960000,一般農業區,農牧用地,554,高雄市,路竹區,高雄市路竹區554,三爺段,296,優先區,4880.636
95439,EJ283702960000,一般農業區,農牧用地,552,高雄市,路竹區,高雄市路竹區552,三爺段,296,優先區,5903.074
95441,EJ283702970000,一般農業區,農牧用地,551,高雄市,路竹區,高雄市路竹區551,三爺段,297,優先區,187.022
95479,EJ283703360000,一般農業區,農牧用地,436,高雄市,路竹區,高雄市路竹區436,三爺段,336,優先區,0.696
95480,EJ283703360000,一般農業區,農牧用地,436,高雄市,路竹區,高雄市路竹區436,三爺段,336,優先區,13.087
95481,EJ283703390000,一般農業區,農牧用地,436,高雄市,路竹區,高雄市路竹區436,三爺段,339,優先區,3064.082
95679,EJ283705590000,一般農業區,農牧用地,452,高雄市,路竹區,高雄市路竹區452,三爺段,559,優先區,13.407
95689,EJ283705680000,一般農業區,農牧用地,452,高雄市,路竹區,高雄市路竹區452,三爺段,568,優先區,576.914
95693,EJ283705690000,一般農業區,農牧用地,452,高雄市,路竹區,高雄市路竹區452,三爺段,569,優先區,275.644
95702,EJ283705790000,一般農業區,農牧用地,464-1,高雄市,路竹區,高雄市路竹區464-1,三爺段,579,優先區,6246.568
95706,EJ283705800000,一般農業區,農牧用地,464-3,高雄市,路竹區,高雄市路竹區464-3,三爺段,580,優先區,48.154
95707,EJ283705810000,一般農業區,農牧用地,464-3,高雄市,路竹區,高雄市路竹區464-3,三爺段,581,優先區,1809.333
95719,EJ283705930000,一般農業區,農牧用地,464-3,高雄市,路竹區,高雄市路竹區464-3,三爺段,593,優先區,11.153
96031,EJ284708980000,一般農業區,農牧用地,880,高雄市,路竹區,高雄市路竹區880,頂寮段,898,優先區,7.318
96033,EJ284708990000,一般農業區,農牧用地,880,高雄市,路竹區,高雄市路竹區880,頂寮段,899,優先區,9.034
96034,EJ284708990000,一般農業區,農牧用地,880,高雄市,路竹區,高雄市路竹區880,頂寮段,899,優先區,2.94
96035,EJ284708990000,一般農業區,農牧用地,880,高雄市,路竹區,高雄市路竹區880,頂寮段,899,優先區,4
96050,EJ284709020000,一般農業區,農牧用地,880,高雄市,路竹區,高雄市路竹區880,頂寮段,902,優先區,12.334
96051,EJ284709020000,一般農業區,農牧用地,880,高雄市,路竹區,高雄市路竹區880,頂寮段,902,優先區,0.049
96052,EJ284709060000,一般農業區,農牧用地,880,高雄市,路竹區,高雄市路竹區880,頂寮段,906,優先區,1325.664
96053,EJ284709080000,一般農業區,農牧用地,880,高雄市,路竹區,高雄市路竹區880,頂寮段,908,優先區,1068.395
96054,EJ284709090000,一般農業區,農牧用地,880,高雄市,路竹區,高雄市路竹區880,頂寮段,909,優先區,71.697
96104,EJ284702500000,一般農業區,農牧用地,847,高雄市,路竹區,高雄市路竹區847,頂寮段,250,優先區,1010.814
96119,EJ284709070000,一般農業區,農牧用地,880,高雄市,路竹區,高雄市路竹區880,頂寮段,907,優先區,735.382
96120,EJ284709070001,一般農業區,農牧用地,880,高雄市,路竹區,高雄市路竹區880,頂寮段,907-1,優先區,283.846
96121,EJ284709070002,一般農業區,農牧用地,880,高雄市,路竹區,高雄市路竹區880,頂寮段,907-2,優先區,96.677
96732,EJ301604340000,一般農業區,農牧用地,509,高雄市,茄萣區,高雄市茄萣區509,興達段,434,優先區,55.264
96918,EJ272602300000,一般農業區,農牧用地,220,高雄市,阿蓮區,高雄市阿蓮區220,中軍段,230,優先區,879.543
96919,EJ272602310000,一般農業區,農牧用地,220,高雄市,阿蓮區,高雄市阿蓮區220,中軍段,231,優先區,1670.809
96920,EJ272602320000,一般農業區,農牧用地,220,高雄市,阿蓮區,高雄市阿蓮區220,中軍段,232,優先區,987.56
97003,EJ283501500000,一般農業區,農牧用地,668,高雄市,路竹區,高雄市路竹區668,北嶺段,150,優先區,9.876
97006,EJ283501510000,一般農業區,農牧用地,668,高雄市,路竹區,高雄市路竹區668,北嶺段,151,優先區,816.603
97007,EJ283501510001,一般農業區,農牧用地,668,高雄市,路竹區,高雄市路竹區668,北嶺段,151-1,優先區,848.873
97008,EJ283501510002,一般農業區,農牧用地,668,高雄市,路竹區,高雄市路竹區668,北嶺段,151-2,優先區,839.608
97009,EJ283501510003,一般農業區,農牧用地,668,高雄市,路竹區,高雄市路竹區668,北嶺段,151-3,優先區,206.932
97025,EJ285102290000,一般農業區,農牧用地,585,高雄市,路竹區,高雄市路竹區585,樹人段,229,優先區,1092.338
97026,EJ285102300000,一般農業區,農牧用地,585,高雄市,路竹區,高雄市路竹區585,樹人段,230,優先區,785.464
97027,EJ285102300000,一般農業區,農牧用地,584,高雄市,路竹區,高雄市路竹區584,樹人段,230,優先區,699.155
97028,EJ285102330000,一般農業區,農牧用地,584,高雄市,路竹區,高雄市路竹區584,樹人段,233,優先區,821.093
97029,EJ285102350000,一般農業區,農牧用地,584,高雄市,路竹區,高雄市路竹區584,樹人段,235,優先區,874.717
97030,EJ285102370000,一般農業區,農牧用地,584,高雄市,路竹區,高雄市路竹區584,樹人段,237,優先區,1758.547
97039,EJ283502740000,一般農業區,農牧用地,668,高雄市,路竹區,高雄市路竹區668,北嶺段,274,優先區,0.285
97056,EJ285102930000,一般農業區,農牧用地,584,高雄市,路竹區,高雄市路竹區584,樹人段,293,優先區,177.815
97060,EJ285102950000,一般農業區,農牧用地,585,高雄市,路竹區,高雄市路竹區585,樹人段,295,優先區,44.621
97061,EJ285102950000,一般農業區,農牧用地,584,高雄市,路竹區,高雄市路竹區584,樹人段,295,優先區,209.957
97067,EJ285103360000,一般農業區,農牧用地,641,高雄市,路竹區,高雄市路竹區641,樹人段,336,優先區,449.926
97068,EJ285103360000,一般農業區,農牧用地,641,高雄市,路竹區,高雄市路竹區641,樹人段,336,優先區,209.183
97069,EJ285103360000,一般農業區,農牧用地,640,高雄市,路竹區,高雄市路竹區640,樹人段,336,優先區,6.644
97070,EJ285103360000,一般農業區,農牧用地,640,高雄市,路竹區,高雄市路竹區640,樹人段,336,優先區,333.246
97084,EJ285103690000,一般農業區,農牧用地,497,高雄市,路竹區,高雄市路竹區497,樹人段,369,優先區,14.167
97115,EJ285104140000,一般農業區,農牧用地,592,高雄市,路竹區,高雄市路竹區592,樹人段,414,優先區,458.739
97116,EJ285104140000,一般農業區,農牧用地,597-1,高雄市,路竹區,高雄市路竹區597-1,樹人段,414,優先區,655.787
97122,EJ285104200000,一般農業區,農牧用地,597,高雄市,路竹區,高雄市路竹區597,樹人段,420,優先區,2.067
97123,EJ285104210000,一般農業區,農牧用地,597,高雄市,路竹區,高雄市路竹區597,樹人段,421,優先區,71.063
97124,EJ285104220000,一般農業區,農牧用地,597-1,高雄市,路竹區,高雄市路竹區597-1,樹人段,422,優先區,57.93
97125,EJ285104230000,一般農業區,農牧用地,592,高雄市,路竹區,高雄市路竹區592,樹人段,423,優先區,70.356
97126,EJ285104230000,一般農業區,農牧用地,597-1,高雄市,路竹區,高雄市路竹區597-1,樹人段,423,優先區,55.426
97130,EJ285104550000,一般農業區,農牧用地,640,高雄市,路竹區,高雄市路竹區640,樹人段,455,優先區,50.6
97161,EJ285105300000,一般農業區,農牧用地,506,高雄市,路竹區,高雄市路竹區506,樹人段,530,優先區,295.553
97162,EJ285105300000,一般農業區,農牧用地,505,高雄市,路竹區,高雄市路竹區505,樹人段,530,優先區,171.508
97165,EJ285105330000,一般農業區,農牧用地,506,高雄市,路竹區,高雄市路竹區506,樹人段,533,優先區,474.326
97172,EJ285105470000,一般農業區,農牧用地,503-2,高雄市,路竹區,高雄市路竹區503-2,樹人段,547,優先區,137.807
97174,EJ285105500000,一般農業區,農牧用地,503-2,高雄市,路竹區,高雄市路竹區503-2,樹人段,550,優先區,53.137
97194,EJ285105640000,一般農業區,農牧用地,504-1,高雄市,路竹區,高雄市路竹區504-1,樹人段,564,優先區,1284.823
97195,EJ283705700000,一般農業區,農牧用地,452,高雄市,路竹區,高雄市路竹區452,三爺段,570,優先區,31.822
97330,EJ284508660000,一般農業區,農牧用地,307-1,高雄市,路竹區,高雄市路竹區307-1,竹園段,866,優先區,40.633
97331,EJ284508670000,一般農業區,農牧用地,307-1,高雄市,路竹區,高雄市路竹區307-1,竹園段,867,優先區,1780.887
97332,EJ284508680000,一般農業區,農牧用地,307-1,高雄市,路竹區,高雄市路竹區307-1,竹園段,868,優先區,62.929
97502,EJ292510610000,特定農業區,農牧用地,346,高雄市,湖內區,高雄市湖內區346,海山段,1061,優先區,594.033
97833,EJ292412370000,特定農業區,農牧用地,455,高雄市,湖內區,高雄市湖內區455,劉家段,1237,優先區,0.553
97834,EJ292412370000,特定農業區,農牧用地,468,高雄市,湖內區,高雄市湖內區468,劉家段,1237,優先區,3814.612
98513,EJ290325370000,特定農業區,農牧用地,273-1,高雄市,湖內區,高雄市湖內區273-1,海埔段,2537,優先區,2838.299
98529,EJ290325490000,特定農業區,農牧用地,257-1,高雄市,湖內區,高雄市湖內區257-1,海埔段,2549,優先區,375.035
98531,EJ290325500000,特定農業區,農牧用地,257-1,高雄市,湖內區,高雄市湖內區257-1,海埔段,2550,優先區,3.586
98566,EJ290325880000,特定農業區,農牧用地,264,高雄市,湖內區,高雄市湖內區264,海埔段,2588,優先區,1507.361
98568,EJ290325890000,特定農業區,農牧用地,264,高雄市,湖內區,高雄市湖內區264,海埔段,2589,優先區,0.131
98571,EJ290325920000,特定農業區,農牧用地,249-2,高雄市,湖內區,高雄市湖內區249-2,海埔段,2592,優先區,147.212
98572,EJ290325920000,特定農業區,農牧用地,249-1,高雄市,湖內區,高雄市湖內區249-1,海埔段,2592,優先區,978.815
98573,EJ290325930000,特定農業區,農牧用地,249-2,高雄市,湖內區,高雄市湖內區249-2,海埔段,2593,優先區,347.417
98574,EJ290325930000,特定農業區,農牧用地,249-1,高雄市,湖內區,高雄市湖內區249-1,海埔段,2593,優先區,1273.932
98575,EJ290325940000,特定農業區,農牧用地,249,高雄市,湖內區,高雄市湖內區249,海埔段,2594,優先區,347.555
98576,EJ290325940000,特定農業區,農牧用地,249-2,高雄市,湖內區,高雄市湖內區249-2,海埔段,2594,優先區,256.841
98577,EJ290325940000,特定農業區,農牧用地,249-1,高雄市,湖內區,高雄市湖內區249-1,海埔段,2594,優先區,760.34
98578,EJ290325950000,特定農業區,農牧用地,249,高雄市,湖內區,高雄市湖內區249,海埔段,2595,優先區,1581.344
98579,EJ290325960000,特定農業區,農牧用地,249,高雄市,湖內區,高雄市湖內區249,海埔段,2596,優先區,1236.01
98701,EJ290431440000,特定農業區,農牧用地,862,高雄市,湖內區,高雄市湖內區862,圍子內段,3144,優先區,2363.66
98724,EJ290431550000,特定農業區,農牧用地,838,高雄市,湖內區,高雄市湖內區838,圍子內段,3155,優先區,1219.928
98726,EJ290431560000,特定農業區,農牧用地,838,高雄市,湖內區,高雄市湖內區838,圍子內段,3156,優先區,1425.405
98727,EJ290431570000,特定農業區,農牧用地,838,高雄市,湖內區,高雄市湖內區838,圍子內段,3157,優先區,1295.476
98728,EJ290431580000,特定農業區,農牧用地,838,高雄市,湖內區,高雄市湖內區838,圍子內段,3158,優先區,1190.339
98729,EJ290431580000,特定農業區,農牧用地,838-1,高雄市,湖內區,高雄市湖內區838-1,圍子內段,3158,優先區,9.691
98730,EJ290431590000,特定農業區,農牧用地,838-1,高雄市,湖內區,高雄市湖內區838-1,圍子內段,3159,優先區,2539.267
98731,EJ290431600000,特定農業區,農牧用地,838-1,高雄市,湖內區,高雄市湖內區838-1,圍子內段,3160,優先區,2085.401
98733,EJ290431610000,特定農業區,農牧用地,838-1,高雄市,湖內區,高雄市湖內區838-1,圍子內段,3161,優先區,31.831
98744,EJ290431700000,特定農業區,農牧用地,828,高雄市,湖內區,高雄市湖內區828,圍子內段,3170,優先區,1202.056
98746,EJ290431710000,特定農業區,農牧用地,828,高雄市,湖內區,高雄市湖內區828,圍子內段,3171,優先區,1514.56
98749,EJ290431730000,特定農業區,農牧用地,834,高雄市,湖內區,高雄市湖內區834,圍子內段,3173,優先區,2236.154
98750,EJ290431730000,特定農業區,農牧用地,834-1,高雄市,湖內區,高雄市湖內區834-1,圍子內段,3173,優先區,7.479
98752,EJ290431740000,特定農業區,農牧用地,834-1,高雄市,湖內區,高雄市湖內區834-1,圍子內段,3174,優先區,1534.169
98753,EJ290431740000,特定農業區,農牧用地,834,高雄市,湖內區,高雄市湖內區834,圍子內段,3174,優先區,1217.306
98842,EJ290332120000,特定農業區,農牧用地,613-1,高雄市,湖內區,高雄市湖內區613-1,海埔段,3212,優先區,922.397
98865,EJ290332180000,特定農業區,農牧用地,610,高雄市,湖內區,高雄市湖內區610,海埔段,3218,優先區,1374.934
98867,EJ290332190000,特定農業區,農牧用地,610,高雄市,湖內區,高雄市湖內區610,海埔段,3219,優先區,1155.387
99030,EJ290433950000,特定農業區,農牧用地,1114,高雄市,湖內區,高雄市湖內區1114,圍子內段,3395,優先區,135.759
99031,EJ290433960000,特定農業區,農牧用地,1114,高雄市,湖內區,高雄市湖內區1114,圍子內段,3396,優先區,1436.127
99032,EJ290433970000,特定農業區,農牧用地,1114,高雄市,湖內區,高雄市湖內區1114,圍子內段,3397,優先區,2116.556
99064,EJ292203790000,一般農業區,農牧用地,379,高雄市,湖內區,高雄市湖內區379,正義段,379,優先區,4581.286
99586,EJ290445780000,特定農業區,農牧用地,1437,高雄市,湖內區,高雄市湖內區1437,圍子內段,4578,關注減緩區,2374.488
99587,EJ290445790000,特定農業區,農牧用地,1437,高雄市,湖內區,高雄市湖內區1437,圍子內段,4579,關注減緩區,1797.406
99791,EJ290550140000,一般農業區,農牧用地,1205-1,高雄市,湖內區,高雄市湖內區1205-1,圍子內段一小段,5014,優先區,216.759
99793,EJ290550150000,一般農業區,農牧用地,1205-1,高雄市,湖內區,高雄市湖內區1205-1,圍子內段一小段,5015,優先區,64.861
99798,EJ290550200000,一般農業區,農牧用地,1205-1,高雄市,湖內區,高雄市湖內區1205-1,圍子內段一小段,5020,優先區,33.422
99799,EJ290550210000,一般農業區,農牧用地,1205-1,高雄市,湖內區,高雄市湖內區1205-1,圍子內段一小段,5021,優先區,330.313
99805,EJ290550240000,一般農業區,農牧用地,1205-1,高雄市,湖內區,高雄市湖內區1205-1,圍子內段一小段,5024,優先區,347.967
99807,EJ290550250000,一般農業區,農牧用地,1205-1,高雄市,湖內區,高雄市湖內區1205-1,圍子內段一小段,5025,優先區,90.709
99808,EJ290550260000,一般農業區,農牧用地,1205-1,高雄市,湖內區,高雄市湖內區1205-1,圍子內段一小段,5026,優先區,252.041
99809,EJ290550270000,一般農業區,農牧用地,1205-1,高雄市,湖內區,高雄市湖內區1205-1,圍子內段一小段,5027,優先區,113.936
100028,EJ290551480000,一般農業區,農牧用地,1511,高雄市,湖內區,高雄市湖內區1511,圍子內段一小段,5148,優先區,713.113
100030,EJ290551520000,一般農業區,農牧用地,1511,高雄市,湖內區,高雄市湖內區1511,圍子內段一小段,5152,優先區,824.656
100031,EJ290551530000,一般農業區,農牧用地,1511,高雄市,湖內區,高雄市湖內區1511,圍子內段一小段,5153,優先區,30.661
100032,EJ290551540000,一般農業區,農牧用地,1511,高雄市,湖內區,高雄市湖內區1511,圍子內段一小段,5154,優先區,102.026
100033,EJ290551550000,一般農業區,農牧用地,1481,高雄市,湖內區,高雄市湖內區1481,圍子內段一小段,5155,優先區,218.379
100034,EJ290551550000,一般農業區,農牧用地,1511,高雄市,湖內區,高雄市湖內區1511,圍子內段一小段,5155,優先區,27.639
100035,EJ290551560000,一般農業區,農牧用地,1481,高雄市,湖內區,高雄市湖內區1481,圍子內段一小段,5156,優先區,304.492
100036,EJ290551560000,一般農業區,農牧用地,1511,高雄市,湖內區,高雄市湖內區1511,圍子內段一小段,5156,優先區,718.395
100044,EJ290551610000,一般農業區,農牧用地,1478-1,高雄市,湖內區,高雄市湖內區1478-1,圍子內段一小段,5161,優先區,14.077
100045,EJ290551610000,一般農業區,農牧用地,1478,高雄市,湖內區,高雄市湖內區1478,圍子內段一小段,5161,優先區,1.553
100046,EJ290551610000,一般農業區,農牧用地,1491,高雄市,湖內區,高雄市湖內區1491,圍子內段一小段,5161,優先區,520.135
100047,EJ290551620000,一般農業區,農牧用地,1491,高雄市,湖內區,高雄市湖內區1491,圍子內段一小段,5162,優先區,67.626
100048,EJ290551630000,一般農業區,農牧用地,1481,高雄市,湖內區,高雄市湖內區1481,圍子內段一小段,5163,優先區,87.957
100049,EJ290551630000,一般農業區,農牧用地,1491,高雄市,湖內區,高雄市湖內區1491,圍子內段一小段,5163,優先區,356.299
100050,EJ290551640000,一般農業區,農牧用地,1491,高雄市,湖內區,高雄市湖內區1491,圍子內段一小段,5164,優先區,105.887
100144,EJ292508120001,特定農業區,農牧用地,160-3,高雄市,湖內區,高雄市湖內區160-3,海山段,812-1,優先區,1084.681
100153,EJ292508160000,特定農業區,農牧用地,160-3,高雄市,湖內區,高雄市湖內區160-3,海山段,816,優先區,5315.465
100157,EJ292508170000,特定農業區,農牧用地,160-3,高雄市,湖內區,高雄市湖內區160-3,海山段,817,優先區,343.096
100460,EJ292509260000,特定農業區,農牧用地,316,高雄市,湖內區,高雄市湖內區316,海山段,926,優先區,870.657
100532,EJ292509270004,特定農業區,農牧用地,316,高雄市,湖內區,高雄市湖內區316,海山段,927-4,優先區,51.251
100533,EJ290551500000,一般農業區,農牧用地,1511,高雄市,湖內區,高雄市湖內區1511,圍子內段一小段,5150,優先區,164.421
100534,EJ290551510000,一般農業區,農牧用地,1511,高雄市,湖內區,高雄市湖內區1511,圍子內段一小段,5151,優先區,472.615
100553,EJ290332100000,特定農業區,農牧用地,613-1,高雄市,湖內區,高雄市湖內區613-1,海埔段,3210,優先區,0.033
100920,EJ300150790000,特定農業區,農牧用地,747,高雄市,茄萣區,高雄市茄萣區747,頂茄萣段,5079,關注減緩區,2063.613
100921,EJ300150800000,特定農業區,農牧用地,747,高雄市,茄萣區,高雄市茄萣區747,頂茄萣段,5080,關注減緩區,2119.575
100922,EJ300150810000,特定農業區,農牧用地,747,高雄市,茄萣區,高雄市茄萣區747,頂茄萣段,5081,關注減緩區,3279.851
100923,EJ300150820000,特定農業區,農牧用地,747,高雄市,茄萣區,高雄市茄萣區747,頂茄萣段,5082,關注減緩區,2069.506
100924,EJ300150830000,特定農業區,農牧用地,747,高雄市,茄萣區,高雄市茄萣區747,頂茄萣段,5083,關注減緩區,1702.581
100925,EJ300150840000,特定農業區,農牧用地,747,高雄市,茄萣區,高雄市茄萣區747,頂茄萣段,5084,關注減緩區,1715.825
100951,EJ300151230000,特定農業區,農牧用地,756-1,高雄市,茄萣區,高雄市茄萣區756-1,頂茄萣段,5123,關注減緩區,2115.374
100952,EJ300151230000,特定農業區,農牧用地,756-2,高雄市,茄萣區,高雄市茄萣區756-2,頂茄萣段,5123,關注減緩區,1875.716
100953,EJ300151240000,特定農業區,農牧用地,756-1,高雄市,茄萣區,高雄市茄萣區756-1,頂茄萣段,5124,關注減緩區,295.012
100954,EJ300151240000,特定農業區,農牧用地,756,高雄市,茄萣區,高雄市茄萣區756,頂茄萣段,5124,關注減緩區,1286.093
100955,EJ300151240000,特定農業區,農牧用地,756-2,高雄市,茄萣區,高雄市茄萣區756-2,頂茄萣段,5124,關注減緩區,416.161
100956,EJ300151250000,特定農業區,農牧用地,756,高雄市,茄萣區,高雄市茄萣區756,頂茄萣段,5125,關注減緩區,2167.63
100957,EJ300151260000,特定農業區,農牧用地,756,高雄市,茄萣區,高雄市茄萣區756,頂茄萣段,5126,關注減緩區,1245.285
100958,EJ300151260000,特定農業區,農牧用地,759,高雄市,茄萣區,高雄市茄萣區759,頂茄萣段,5126,關注減緩區,445.805
100959,EJ300151260000,特定農業區,農牧用地,758,高雄市,茄萣區,高雄市茄萣區758,頂茄萣段,5126,關注減緩區,303.572
100960,EJ300151270000,特定農業區,農牧用地,759,高雄市,茄萣區,高雄市茄萣區759,頂茄萣段,5127,關注減緩區,1137.006
100961,EJ300151270000,特定農業區,農牧用地,758,高雄市,茄萣區,高雄市茄萣區758,頂茄萣段,5127,關注減緩區,969.24
100962,EJ300151280000,特定農業區,農牧用地,759,高雄市,茄萣區,高雄市茄萣區759,頂茄萣段,5128,關注減緩區,1973.788
100963,EJ300151280000,特定農業區,農牧用地,758,高雄市,茄萣區,高雄市茄萣區758,頂茄萣段,5128,關注減緩區,1646.108
100964,EJ300151290000,特定農業區,農牧用地,759,高雄市,茄萣區,高雄市茄萣區759,頂茄萣段,5129,關注減緩區,1299.989
100965,EJ300151290000,特定農業區,農牧用地,758,高雄市,茄萣區,高雄市茄萣區758,頂茄萣段,5129,關注減緩區,1223.34
100966,EJ300151300000,特定農業區,農牧用地,766,高雄市,茄萣區,高雄市茄萣區766,頂茄萣段,5130,關注減緩區,1665.835
100967,EJ300151310000,特定農業區,農牧用地,766,高雄市,茄萣區,高雄市茄萣區766,頂茄萣段,5131,關注減緩區,3665.918
100968,EJ300151320000,特定農業區,農牧用地,766,高雄市,茄萣區,高雄市茄萣區766,頂茄萣段,5132,關注減緩區,2147.813
100969,EJ300151330000,特定農業區,農牧用地,766,高雄市,茄萣區,高雄市茄萣區766,頂茄萣段,5133,關注減緩區,2156.994
100970,EJ300151340000,特定農業區,農牧用地,766,高雄市,茄萣區,高雄市茄萣區766,頂茄萣段,5134,關注減緩區,1638.645
100971,EJ300151340000,特定農業區,農牧用地,765,高雄市,茄萣區,高雄市茄萣區765,頂茄萣段,5134,關注減緩區,315.54
100972,EJ300151350000,特定農業區,農牧用地,765,高雄市,茄萣區,高雄市茄萣區765,頂茄萣段,5135,關注減緩區,2161.852
100973,EJ300151360000,特定農業區,農牧用地,765,高雄市,茄萣區,高雄市茄萣區765,頂茄萣段,5136,關注減緩區,2180.36
100974,EJ300151370000,特定農業區,農牧用地,765,高雄市,茄萣區,高雄市茄萣區765,頂茄萣段,5137,關注減緩區,2175.366
100975,EJ300151380000,特定農業區,農牧用地,765,高雄市,茄萣區,高雄市茄萣區765,頂茄萣段,5138,關注減緩區,3399.338
100986,EJ300151560000,特定農業區,農牧用地,769,高雄市,茄萣區,高雄市茄萣區769,頂茄萣段,5156,關注減緩區,2045.231
100988,EJ300151560000,特定農業區,農牧用地,770,高雄市,茄萣區,高雄市茄萣區770,頂茄萣段,5156,關注減緩區,2029.476
100989,EJ300151570000,特定農業區,農牧用地,769,高雄市,茄萣區,高雄市茄萣區769,頂茄萣段,5157,關注減緩區,1134.454
100990,EJ300151570000,特定農業區,農牧用地,770,高雄市,茄萣區,高雄市茄萣區770,頂茄萣段,5157,關注減緩區,1147.649
100991,EJ300151580000,特定農業區,農牧用地,769,高雄市,茄萣區,高雄市茄萣區769,頂茄萣段,5158,關注減緩區,1123.407
100992,EJ300151580000,特定農業區,農牧用地,770,高雄市,茄萣區,高雄市茄萣區770,頂茄萣段,5158,關注減緩區,1121.715
100993,EJ300151590000,特定農業區,農牧用地,769,高雄市,茄萣區,高雄市茄萣區769,頂茄萣段,5159,關注減緩區,1539.888
100994,EJ300151590000,特定農業區,農牧用地,770,高雄市,茄萣區,高雄市茄萣區770,頂茄萣段,5159,關注減緩區,1822.549
100995,EJ300151600000,特定農業區,農牧用地,757,高雄市,茄萣區,高雄市茄萣區757,頂茄萣段,5160,關注減緩區,3522.109
100996,EJ300151610000,特定農業區,農牧用地,757,高雄市,茄萣區,高雄市茄萣區757,頂茄萣段,5161,關注減緩區,2313.748
100997,EJ300151620000,特定農業區,農牧用地,755,高雄市,茄萣區,高雄市茄萣區755,頂茄萣段,5162,關注減緩區,2076.661
100998,EJ300151620000,特定農業區,農牧用地,757,高雄市,茄萣區,高雄市茄萣區757,頂茄萣段,5162,關注減緩區,81.556
100999,EJ300151630000,特定農業區,農牧用地,755,高雄市,茄萣區,高雄市茄萣區755,頂茄萣段,5163,關注減緩區,2221.228
101000,EJ300151640000,特定農業區,農牧用地,755,高雄市,茄萣區,高雄市茄萣區755,頂茄萣段,5164,關注減緩區,2223.668
101001,EJ300151650000,特定農業區,農牧用地,755,高雄市,茄萣區,高雄市茄萣區755,頂茄萣段,5165,關注減緩區,2217.527
101002,EJ300151660000,特定農業區,農牧用地,755,高雄市,茄萣區,高雄市茄萣區755,頂茄萣段,5166,關注減緩區,2134.155
101003,EJ300151670000,特定農業區,農牧用地,556,高雄市,茄萣區,高雄市茄萣區556,頂茄萣段,5167,關注減緩區,1815.064
101004,EJ300151670000,特定農業區,農牧用地,755,高雄市,茄萣區,高雄市茄萣區755,頂茄萣段,5167,關注減緩區,40.479
101005,EJ300151680000,特定農業區,農牧用地,556,高雄市,茄萣區,高雄市茄萣區556,頂茄萣段,5168,關注減緩區,2294.949
101006,EJ300151690000,特定農業區,農牧用地,556,高雄市,茄萣區,高雄市茄萣區556,頂茄萣段,5169,關注減緩區,2324.7
101007,EJ300151700000,特定農業區,農牧用地,556,高雄市,茄萣區,高雄市茄萣區556,頂茄萣段,5170,關注減緩區,3581.999
101008,EJ300151710000,特定農業區,農牧用地,556,高雄市,茄萣區,高雄市茄萣區556,頂茄萣段,5171,關注減緩區,1149.391
101010,EJ300151720000,特定農業區,農牧用地,556,高雄市,茄萣區,高雄市茄萣區556,頂茄萣段,5172,關注減緩區,114.665
101025,EJ300151870000,特定農業區,農牧用地,775,高雄市,茄萣區,高雄市茄萣區775,頂茄萣段,5187,關注減緩區,0.114
101027,EJ300151880000,特定農業區,農牧用地,775,高雄市,茄萣區,高雄市茄萣區775,頂茄萣段,5188,關注減緩區,2572.51
101028,EJ300151890000,特定農業區,農牧用地,775,高雄市,茄萣區,高雄市茄萣區775,頂茄萣段,5189,關注減緩區,1430.198
101052,EJ300152090000,特定農業區,農牧用地,776,高雄市,茄萣區,高雄市茄萣區776,頂茄萣段,5209,關注減緩區,2987.291
101054,EJ300152100000,特定農業區,農牧用地,773,高雄市,茄萣區,高雄市茄萣區773,頂茄萣段,5210,關注減緩區,2330.065
101055,EJ300152110000,特定農業區,農牧用地,773,高雄市,茄萣區,高雄市茄萣區773,頂茄萣段,5211,關注減緩區,1773.489
101056,EJ300152120000,特定農業區,農牧用地,773,高雄市,茄萣區,高雄市茄萣區773,頂茄萣段,5212,關注減緩區,2446.439
101058,EJ300152130000,特定農業區,農牧用地,773,高雄市,茄萣區,高雄市茄萣區773,頂茄萣段,5213,關注減緩區,142.044
101350,EJ300151180004,特定農業區,農牧用地,756-1,高雄市,茄萣區,高雄市茄萣區756-1,頂茄萣段,5118-4,關注減緩區,32.42
101351,EJ300151180004,特定農業區,農牧用地,756-2,高雄市,茄萣區,高雄市茄萣區756-2,頂茄萣段,5118-4,關注減緩區,33.383
102357,EJ272804350000,一般農業區,農牧用地,19-2,高雄市,阿蓮區,高雄市阿蓮區19-2,福蓮段,435,優先區,1027.387
102358,EJ272804720000,一般農業區,農牧用地,19-2,高雄市,阿蓮區,高雄市阿蓮區19-2,福蓮段,472,優先區,40.012
102360,EJ272804740000,一般農業區,農牧用地,19-2,高雄市,阿蓮區,高雄市阿蓮區19-2,福蓮段,474,優先區,698.338
102361,EJ272804750000,一般農業區,農牧用地,19-2,高雄市,阿蓮區,高雄市阿蓮區19-2,福蓮段,475,優先區,2418.428
102362,EJ272804830000,一般農業區,農牧用地,19-2,高雄市,阿蓮區,高雄市阿蓮區19-2,福蓮段,483,優先區,1130.489
102379,EJ285105480000,一般農業區,農牧用地,503-2,高雄市,路竹區,高雄市路竹區503-2,樹人段,548,優先區,563.981
102380,EJ285105480000,一般農業區,農牧用地,503-1,高雄市,路竹區,高雄市路竹區503-1,樹人段,548,優先區,73.577
102702,EJ284701830000,一般農業區,農牧用地,869-4,高雄市,路竹區,高雄市路竹區869-4,頂寮段,183,優先區,111.005
102703,EJ284701840000,一般農業區,農牧用地,869-4,高雄市,路竹區,高雄市路竹區869-4,頂寮段,184,優先區,798.971
102705,EJ284701850000,一般農業區,農牧用地,869-4,高雄市,路竹區,高雄市路竹區869-4,頂寮段,185,優先區,42.158
102711,EJ284805430000,一般農業區,農牧用地,886,高雄市,路竹區,高雄市路竹區886,下甲段,543,優先區,411.753
102727,EJ284415430000,一般農業區,農牧用地,643-1,高雄市,路竹區,高雄市路竹區643-1,環球段,1543,優先區,17.936
102728,EJ284415440000,一般農業區,農牧用地,643-1,高雄市,路竹區,高雄市路竹區643-1,環球段,1544,優先區,270.711
102729,EJ284415450000,一般農業區,農牧用地,643-1,高雄市,路竹區,高雄市路竹區643-1,環球段,1545,優先區,576.365
102730,EJ284415460000,一般農業區,農牧用地,643-1,高雄市,路竹區,高雄市路竹區643-1,環球段,1546,優先區,2542.347
102731,EJ284415480000,一般農業區,農牧用地,643-1,高雄市,路竹區,高雄市路竹區643-1,環球段,1548,優先區,602.728
102732,EJ284415560000,一般農業區,農牧用地,643-1,高雄市,路竹區,高雄市路竹區643-1,環球段,1556,優先區,270.15
102733,EJ285102260000,一般農業區,農牧用地,583,高雄市,路竹區,高雄市路竹區583,樹人段,226,優先區,379.745
102734,EJ285102270000,一般農業區,農牧用地,583,高雄市,路竹區,高雄市路竹區583,樹人段,227,優先區,1051.687
102735,EJ285102280000,一般農業區,農牧用地,583,高雄市,路竹區,高雄市路竹區583,樹人段,228,優先區,121.444
102736,EJ285102280000,一般農業區,農牧用地,585,高雄市,路竹區,高雄市路竹區585,樹人段,228,優先區,1810.415
102737,EJ285102310000,一般農業區,農牧用地,585,高雄市,路竹區,高雄市路竹區585,樹人段,231,優先區,663.585
102738,EJ285102310000,一般農業區,農牧用地,584,高雄市,路竹區,高雄市路竹區584,樹人段,231,優先區,701.34
102739,EJ285102320000,一般農業區,農牧用地,584,高雄市,路竹區,高雄市路竹區584,樹人段,232,優先區,853.819
102740,EJ285102340000,一般農業區,農牧用地,584,高雄市,路竹區,高雄市路竹區584,樹人段,234,優先區,860.622
102741,EJ285102360000,一般農業區,農牧用地,584,高雄市,路竹區,高雄市路竹區584,樹人段,236,優先區,1718.414
102775,EJ290220750002,一般農業區,農牧用地,186,高雄市,湖內區,高雄市湖內區186,湖內段,2075-2,優先區,213.856
102776,EJ290220760000,一般農業區,農牧用地,186,高雄市,湖內區,高雄市湖內區186,湖內段,2076,優先區,120.622
102779,EJ290220790000,一般農業區,農牧用地,195,高雄市,湖內區,高雄市湖內區195,湖內段,2079,優先區,715.953
102780,EJ290220790000,一般農業區,農牧用地,194,高雄市,湖內區,高雄市湖內區194,湖內段,2079,優先區,607.442
102781,EJ290220790000,一般農業區,農牧用地,193,高雄市,湖內區,高雄市湖內區193,湖內段,2079,優先區,10.279
102782,EJ290220790000,一般農業區,農牧用地,193,高雄市,湖內區,高雄市湖內區193,湖內段,2079,優先區,0.913
102783,EJ290220800000,一般農業區,農牧用地,195,高雄市,湖內區,高雄市湖內區195,湖內段,2080,優先區,444.05
102784,EJ290220800000,一般農業區,農牧用地,194,高雄市,湖內區,高雄市湖內區194,湖內段,2080,優先區,681.316
102785,EJ290220800000,一般農業區,農牧用地,193,高雄市,湖內區,高雄市湖內區193,湖內段,2080,優先區,396.953
102786,EJ290220810000,一般農業區,農牧用地,194,高雄市,湖內區,高雄市湖內區194,湖內段,2081,優先區,34.417
102787,EJ290220810000,一般農業區,農牧用地,193,高雄市,湖內區,高雄市湖內區193,湖內段,2081,優先區,0.093
102791,EJ290220940000,一般農業區,農牧用地,206-1,高雄市,湖內區,高雄市湖內區206-1,湖內段,2094,優先區,187.32
102792,EJ290220950000,一般農業區,農牧用地,206-1,高雄市,湖內區,高雄市湖內區206-1,湖內段,2095,優先區,304.807
102870,EJ290221890000,一般農業區,農牧用地,350,高雄市,湖內區,高雄市湖內區350,湖內段,2189,優先區,699.034
102871,EJ290221900000,一般農業區,農牧用地,350,高雄市,湖內區,高雄市湖內區350,湖內段,2190,優先區,2599.552
102872,EJ290221910000,一般農業區,農牧用地,350,高雄市,湖內區,高雄市湖內區350,湖內段,2191,優先區,3077.145
102873,EJ290221920000,一般農業區,農牧用地,350,高雄市,湖內區,高雄市湖內區350,湖內段,2192,優先區,238.253
102922,EJ290437240000,一般農業區,農牧用地,1571,高雄市,湖內區,高雄市湖內區1571,圍子內段,3724,優先區,1338.888
102923,EJ290437250000,一般農業區,農牧用地,1571,高雄市,湖內區,高雄市湖內區1571,圍子內段,3725,優先區,1176.28
102924,EJ290437260000,一般農業區,農牧用地,1571,高雄市,湖內區,高雄市湖內區1571,圍子內段,3726,優先區,49.583
102925,EJ290437330000,一般農業區,農牧用地,1574,高雄市,湖內區,高雄市湖內區1574,圍子內段,3733,優先區,283.735
102926,EJ290437340000,一般農業區,農牧用地,1574,高雄市,湖內區,高雄市湖內區1574,圍子內段,3734,優先區,2140.695
102928,EJ290437350000,一般農業區,農牧用地,1574,高雄市,湖內區,高雄市湖內區1574,圍子內段,3735,優先區,0.279
102950,EJ290437510000,一般農業區,農牧用地,1570,高雄市,湖內區,高雄市湖內區1570,圍子內段,3751,優先區,33.636
102952,EJ290437520000,一般農業區,農牧用地,1570,高雄市,湖內區,高雄市湖內區1570,圍子內段,3752,優先區,2626.861
103018,EJ290438210000,一般農業區,農牧用地,1629,高雄市,湖內區,高雄市湖內區1629,圍子內段,3821,優先區,1532.061
103020,EJ290438210001,一般農業區,農牧用地,1629,高雄市,湖內區,高雄市湖內區1629,圍子內段,3821-1,優先區,0.076
103100,EJ290616920000,一般農業區,農牧用地,1559,高雄市,湖內區,高雄市湖內區1559,圍子內段二小段,1692,優先區,15.509
103101,EJ290616930000,一般農業區,農牧用地,1559,高雄市,湖內區,高雄市湖內區1559,圍子內段二小段,1693,優先區,52.609
103102,EJ290616940000,一般農業區,農牧用地,1559,高雄市,湖內區,高雄市湖內區1559,圍子內段二小段,1694,優先區,90.211
103113,EJ290616640000,一般農業區,農牧用地,1491,高雄市,湖內區,高雄市湖內區1491,圍子內段二小段,1664,優先區,1.423
103114,EJ290616630000,一般農業區,農牧用地,1491,高雄市,湖內區,高雄市湖內區1491,圍子內段二小段,1663,優先區,426.609
103115,EJ290616620000,一般農業區,農牧用地,1491,高雄市,湖內區,高雄市湖內區1491,圍子內段二小段,1662,優先區,468.59
103116,EJ290616610000,一般農業區,農牧用地,1478,高雄市,湖內區,高雄市湖內區1478,圍子內段二小段,1661,優先區,16.567
103118,EJ290616950000,一般農業區,農牧用地,1478,高雄市,湖內區,高雄市湖內區1478,圍子內段二小段,1695,優先區,237.503
103183,EF236401680000,一般農業區,農牧用地,269,高雄市,岡山區,高雄市岡山區269,石螺段,168,優先區,0.846
103185,EF236401690000,一般農業區,農牧用地,269,高雄市,岡山區,高雄市岡山區269,石螺段,169,優先區,11.987
103187,EF236401700000,一般農業區,農牧用地,269,高雄市,岡山區,高雄市岡山區269,石螺段,170,優先區,33.786
103188,EF236401770000,一般農業區,農牧用地,269,高雄市,岡山區,高雄市岡山區269,石螺段,177,優先區,1684.113
103194,EF236401820000,一般農業區,農牧用地,269,高雄市,岡山區,高雄市岡山區269,石螺段,182,優先區,1600.357
103196,EF236401890000,一般農業區,農牧用地,293,高雄市,岡山區,高雄市岡山區293,石螺段,189,優先區,3388.62
103377,EJ290437210000,一般農業區,農牧用地,1492,高雄市,湖內區,高雄市湖內區1492,圍子內段,3721,優先區,131.362
103379,EJ290437130000,一般農業區,農牧用地,1498,高雄市,湖內區,高雄市湖內區1498,圍子內段,3713,優先區,62.924
103381,EJ290437200000,一般農業區,農牧用地,1492,高雄市,湖內區,高雄市湖內區1492,圍子內段,3720,優先區,318.243
103385,EJ290437100000,一般農業區,農牧用地,1498,高雄市,湖內區,高雄市湖內區1498,圍子內段,3710,優先區,890.381
103387,EJ290438970000,一般農業區,農牧用地,1490,高雄市,湖內區,高雄市湖內區1490,圍子內段,3897,優先區,374.038
103392,EJ290437190000,一般農業區,農牧用地,1492,高雄市,湖內區,高雄市湖內區1492,圍子內段,3719,優先區,241.465
103395,EJ290437110000,一般農業區,農牧用地,1498,高雄市,湖內區,高雄市湖內區1498,圍子內段,3711,優先區,1289.202
103396,EJ290438640001,一般農業區,農牧用地,1592,高雄市,湖內區,高雄市湖內區1592,圍子內段,3864-1,優先區,1298.107
103397,EJ290438660002,一般農業區,農牧用地,1592,高雄市,湖內區,高雄市湖內區1592,圍子內段,3866-2,優先區,119.291
103399,EJ290438650000,一般農業區,農牧用地,1592,高雄市,湖內區,高雄市湖內區1592,圍子內段,3865,優先區,775.18
103401,EJ290438980000,一般農業區,農牧用地,1490,高雄市,湖內區,高雄市湖內區1490,圍子內段,3898,優先區,1851.651
103402,EJ290437120000,一般農業區,農牧用地,1498,高雄市,湖內區,高雄市湖內區1498,圍子內段,3712,優先區,1255.512
103404,EJ290439020000,一般農業區,農牧用地,1516,高雄市,湖內區,高雄市湖內區1516,圍子內段,3902,優先區,2114.266
103406,EJ290438940000,一般農業區,農牧用地,1586,高雄市,湖內區,高雄市湖內區1586,圍子內段,3894,優先區,1727.962
103467,EJ282411130000,一般農業區,農牧用地,532,高雄市,路竹區,高雄市路竹區532,復興段,1113,優先區,484.696
103469,EJ282411140000,一般農業區,農牧用地,532,高雄市,路竹區,高雄市路竹區532,復興段,1114,優先區,1116.837
103479,EJ284803600000,一般農業區,農牧用地,886,高雄市,路竹區,高雄市路竹區886,下甲段,360,優先區,303.52
103480,EJ284803620000,一般農業區,農牧用地,886,高雄市,路竹區,高雄市路竹區886,下甲段,362,優先區,209.125
103481,EJ284803630000,一般農業區,農牧用地,886,高雄市,路竹區,高雄市路竹區886,下甲段,363,優先區,2.346
104306,EF311006030000,一般農業區,農牧用地,608,高雄市,永安區,高雄市永安區608,復興段,603,優先區,0.248
104332,EF311006190000,一般農業區,農牧用地,608,高雄市,永安區,高雄市永安區608,復興段,619,優先區,23.645
104523,EF311007000000,一般農業區,農牧用地,596,高雄市,永安區,高雄市永安區596,復興段,700,優先區,1703.02
104526,EF311007010000,一般農業區,農牧用地,596,高雄市,永安區,高雄市永安區596,復興段,701,優先區,1619.513
104543,EF311007040000,一般農業區,農牧用地,596,高雄市,永安區,高雄市永安區596,復興段,704,優先區,19.857
104546,EF311007050000,一般農業區,農牧用地,596,高雄市,永安區,高雄市永安區596,復興段,705,優先區,28.163
104547,EF311007050000,一般農業區,農牧用地,577,高雄市,永安區,高雄市永安區577,復興段,705,優先區,0.826
104557,EF311007070000,一般農業區,農牧用地,577,高雄市,永安區,高雄市永安區577,復興段,707,優先區,1.173
104565,EF311007090000,一般農業區,農牧用地,577,高雄市,永安區,高雄市永安區577,復興段,709,優先區,1.994
104928,EF311008370000,特定農業區,農牧用地,272,高雄市,永安區,高雄市永安區272,復興段,837,優先區,1659.154
104931,EF311008380000,特定農業區,農牧用地,272,高雄市,永安區,高雄市永安區272,復興段,838,優先區,28.615
104937,EF311008400000,特定農業區,農牧用地,281,高雄市,永安區,高雄市永安區281,復興段,840,優先區,1.819
104940,EF311008410000,特定農業區,農牧用地,316,高雄市,永安區,高雄市永安區316,復興段,841,優先區,0.132
104955,EF311008460000,特定農業區,農牧用地,315,高雄市,永安區,高雄市永安區315,復興段,846,優先區,0.005
104984,EF311008530000,特定農業區,農牧用地,309,高雄市,永安區,高雄市永安區309,復興段,853,優先區,707.466
104991,EF311008550000,特定農業區,農牧用地,309,高雄市,永安區,高雄市永安區309,復興段,855,優先區,836.555
104992,EF311008560000,特定農業區,農牧用地,309,高雄市,永安區,高雄市永安區309,復興段,856,優先區,464.64
104994,EF311008570000,特定農業區,農牧用地,309,高雄市,永安區,高雄市永安區309,復興段,857,優先區,307.071
105100,EF311009480000,特定農業區,農牧用地,295-2,高雄市,永安區,高雄市永安區295-2,復興段,948,優先區,433.309
105103,EF311009500000,特定農業區,農牧用地,271-1,高雄市,永安區,高雄市永安區271-1,復興段,950,優先區,1290.119
105111,EF311009510000,特定農業區,農牧用地,271-1,高雄市,永安區,高雄市永安區271-1,復興段,951,優先區,0.261
105112,EF311009510000,特定農業區,農牧用地,271-1,高雄市,永安區,高雄市永安區271-1,復興段,951,優先區,3.239
105113,EF311009510000,特定農業區,農牧用地,271-1,高雄市,永安區,高雄市永安區271-1,復興段,951,優先區,3.198
105114,EF311009510000,特定農業區,農牧用地,271-1,高雄市,永安區,高雄市永安區271-1,復興段,951,優先區,0.635
105192,EF311008360000,特定農業區,農牧用地,272,高雄市,永安區,高雄市永安區272,復興段,836,優先區,3.48
105204,EF331311050000,一般農業區,農牧用地,105,高雄市,梓官區,高雄市梓官區105,新興段,1105,優先區,1730.911
105284,EF320410210000,一般農業區,農牧用地,42-1,高雄市,彌陀區,高雄市彌陀區42-1,彌港段,1021,優先區,21.553
105442,EF321311420000,一般農業區,農牧用地,544-1,高雄市,彌陀區,高雄市彌陀區544-1,南庄段,1142,優先區,368.707
105443,EF321311430000,一般農業區,農牧用地,544-1,高雄市,彌陀區,高雄市彌陀區544-1,南庄段,1143,優先區,52.505
105444,EF321311430000,一般農業區,農牧用地,544,高雄市,彌陀區,高雄市彌陀區544,南庄段,1143,優先區,501.737
105634,EF321302960000,一般農業區,農牧用地,523,高雄市,彌陀區,高雄市彌陀區523,南庄段,296,優先區,60.3
105635,EF321302960000,一般農業區,農牧用地,524,高雄市,彌陀區,高雄市彌陀區524,南庄段,296,優先區,0.15
105642,EF321302980000,一般農業區,農牧用地,523,高雄市,彌陀區,高雄市彌陀區523,南庄段,298,優先區,26.475
105646,EF321303000000,一般農業區,農牧用地,523,高雄市,彌陀區,高雄市彌陀區523,南庄段,300,優先區,907.643
105647,EF321303010001,一般農業區,農牧用地,523,高雄市,彌陀區,高雄市彌陀區523,南庄段,301-1,優先區,766.461
105648,EF321303010001,一般農業區,農牧用地,524,高雄市,彌陀區,高雄市彌陀區524,南庄段,301-1,優先區,1559.119
105649,EF321303030000,一般農業區,農牧用地,524,高雄市,彌陀區,高雄市彌陀區524,南庄段,303,優先區,637.579
105652,EF321303060000,一般農業區,農牧用地,523,高雄市,彌陀區,高雄市彌陀區523,南庄段,306,優先區,212.176
105655,EF321303060000,一般農業區,農牧用地,524,高雄市,彌陀區,高雄市彌陀區524,南庄段,306,優先區,23.612
105889,EF320704150000,一般農業區,農牧用地,1487,高雄市,彌陀區,高雄市彌陀區1487,港口段,415,優先區,146.435
105892,EF320704160000,一般農業區,農牧用地,1487,高雄市,彌陀區,高雄市彌陀區1487,港口段,416,優先區,277.44
105918,EF320404390000,一般農業區,農牧用地,42-1,高雄市,彌陀區,高雄市彌陀區42-1,彌港段,439,優先區,810.018
105929,EF320704500000,一般農業區,農牧用地,1516,高雄市,彌陀區,高雄市彌陀區1516,港口段,450,優先區,419.348
105930,EF320704500000,一般農業區,農牧用地,1550,高雄市,彌陀區,高雄市彌陀區1550,港口段,450,優先區,26.802
105939,EF320704570000,一般農業區,農牧用地,1554,高雄市,彌陀區,高雄市彌陀區1554,港口段,457,優先區,5.781
105951,EF320500490000,一般農業區,農牧用地,552,高雄市,彌陀區,高雄市彌陀區552,安港段,49,優先區,60.143
105952,EF320500490000,一般農業區,農牧用地,555,高雄市,彌陀區,高雄市彌陀區555,安港段,49,優先區,197.072
106266,EF320500530000,一般農業區,農牧用地,552,高雄市,彌陀區,高雄市彌陀區552,安港段,53,優先區,7.339
106422,EF321107800000,特定農業區,農牧用地,452,高雄市,彌陀區,高雄市彌陀區452,山頂段,780,優先區,22.917
106436,EF321107880000,特定農業區,農牧用地,452,高雄市,彌陀區,高雄市彌陀區452,山頂段,788,優先區,1180.996
106438,EF321107890000,特定農業區,農牧用地,452,高雄市,彌陀區,高雄市彌陀區452,山頂段,789,優先區,987.356
106526,EF321108230000,特定農業區,農牧用地,453,高雄市,彌陀區,高雄市彌陀區453,山頂段,823,優先區,1254.628
106527,EF321108240000,特定農業區,農牧用地,452,高雄市,彌陀區,高雄市彌陀區452,山頂段,824,優先區,33.967
106528,EF321108240000,特定農業區,農牧用地,453,高雄市,彌陀區,高雄市彌陀區453,山頂段,824,優先區,1266.015
106529,EF321108250000,特定農業區,農牧用地,453,高雄市,彌陀區,高雄市彌陀區453,山頂段,825,優先區,24.438
106530,EF321108260000,特定農業區,農牧用地,453,高雄市,彌陀區,高雄市彌陀區453,山頂段,826,優先區,59.692
106544,EF321308590000,一般農業區,農牧用地,867,高雄市,彌陀區,高雄市彌陀區867,南庄段,859,優先區,145.558
106630,EF321109050000,特定農業區,農牧用地,464,高雄市,彌陀區,高雄市彌陀區464,山頂段,905,優先區,761.816
106631,EF321109050000,特定農業區,農牧用地,465,高雄市,彌陀區,高雄市彌陀區465,山頂段,905,優先區,971.718
106633,EF321109060000,特定農業區,農牧用地,464,高雄市,彌陀區,高雄市彌陀區464,山頂段,906,優先區,543.187
106634,EF321109060000,特定農業區,農牧用地,465,高雄市,彌陀區,高雄市彌陀區465,山頂段,906,優先區,700.115
106637,EF321109070000,特定農業區,農牧用地,464,高雄市,彌陀區,高雄市彌陀區464,山頂段,907,優先區,1337.45
106638,EF321109070000,特定農業區,農牧用地,465,高雄市,彌陀區,高雄市彌陀區465,山頂段,907,優先區,1369.191
106643,EF321109090000,特定農業區,農牧用地,465,高雄市,彌陀區,高雄市彌陀區465,山頂段,909,優先區,0.072
106724,EF321109570000,特定農業區,農牧用地,498-1,高雄市,彌陀區,高雄市彌陀區498-1,山頂段,957,優先區,1766.695
106740,EF321109660000,特定農業區,農牧用地,504,高雄市,彌陀區,高雄市彌陀區504,山頂段,966,優先區,1366.029
106741,EF321109670000,特定農業區,農牧用地,504,高雄市,彌陀區,高雄市彌陀區504,山頂段,967,優先區,790.22
106742,EF321109680000,特定農業區,農牧用地,504,高雄市,彌陀區,高雄市彌陀區504,山頂段,968,優先區,0.051
106743,EF321109680000,特定農業區,農牧用地,504,高雄市,彌陀區,高雄市彌陀區504,山頂段,968,優先區,1.369
106744,EF321109690000,特定農業區,農牧用地,504,高雄市,彌陀區,高雄市彌陀區504,山頂段,969,優先區,787.975
106889,EF321302990000,一般農業區,農牧用地,523,高雄市,彌陀區,高雄市彌陀區523,南庄段,299,優先區,1563.678
106908,EF321308710000,一般農業區,農牧用地,868-3,高雄市,彌陀區,高雄市彌陀區868-3,南庄段,871,優先區,251.02
106910,EF321308710000,一般農業區,農牧用地,868-2,高雄市,彌陀區,高雄市彌陀區868-2,南庄段,871,優先區,233.382
106911,EF321308710000,一般農業區,農牧用地,868-1,高雄市,彌陀區,高雄市彌陀區868-1,南庄段,871,優先區,246.984
106912,EF321308710000,一般農業區,農牧用地,871-3,高雄市,彌陀區,高雄市彌陀區871-3,南庄段,871,優先區,218.929
106913,EF321308710000,一般農業區,農牧用地,868,高雄市,彌陀區,高雄市彌陀區868,南庄段,871,優先區,240.897
106914,EF321308710000,一般農業區,農牧用地,867,高雄市,彌陀區,高雄市彌陀區867,南庄段,871,優先區,1068.145
106919,EF321308710000,一般農業區,農牧用地,871-1,高雄市,彌陀區,高雄市彌陀區871-1,南庄段,871,優先區,232.806
106931,EF331311060000,一般農業區,農牧用地,106,高雄市,梓官區,高雄市梓官區106,新興段,1106,優先區,1076.093
106932,EF331311060000,一般農業區,農牧用地,107,高雄市,梓官區,高雄市梓官區107,新興段,1106,優先區,1241.24
106933,EF331311060000,一般農業區,農牧用地,105,高雄市,梓官區,高雄市梓官區105,新興段,1106,優先區,0.478
106935,EF331311060000,一般農業區,農牧用地,108,高雄市,梓官區,高雄市梓官區108,新興段,1106,優先區,1330.304
106936,EF331311060000,一般農業區,農牧用地,109,高雄市,梓官區,高雄市梓官區109,新興段,1106,優先區,1613.633
107031,EF321310360000,一般農業區,農牧用地,532-1,高雄市,彌陀區,高雄市彌陀區532-1,南庄段,1036,優先區,2.554
107146,EF321102240004,一般農業區,農牧用地,156,高雄市,彌陀區,高雄市彌陀區156,山頂段,224-4,優先區,1433.871
107183,EF321310030000,一般農業區,農牧用地,532-1,高雄市,彌陀區,高雄市彌陀區532-1,南庄段,1003,優先區,835.679
107335,EF311008390000,特定農業區,農牧用地,281,高雄市,永安區,高雄市永安區281,復興段,839,優先區,17.252
107336,EF311008390000,特定農業區,農牧用地,281,高雄市,永安區,高雄市永安區281,復興段,839,優先區,32.28
107341,EF311009460000,特定農業區,農牧用地,295-2,高雄市,永安區,高雄市永安區295-2,復興段,946,優先區,0.731
107342,EF311009460000,特定農業區,農牧用地,295-2,高雄市,永安區,高雄市永安區295-2,復興段,946,優先區,4.523
107348,EF311009490000,特定農業區,農牧用地,295-2,高雄市,永安區,高雄市永安區295-2,復興段,949,優先區,13.692
107406,EF311002340000,一般農業區,農牧用地,1075,高雄市,永安區,高雄市永安區1075,復興段,234,優先區,188.1
108238,EF311108710000,一般農業區,農牧用地,659,高雄市,永安區,高雄市永安區659,保寧段,871,優先區,989.374
108361,EF311203450000,一般農業區,農牧用地,698,高雄市,永安區,高雄市永安區698,保興段,345,優先區,2.451
108364,EF311203480000,一般農業區,農牧用地,698,高雄市,永安區,高雄市永安區698,保興段,348,優先區,50.552
108368,EF311203490000,一般農業區,農牧用地,715,高雄市,永安區,高雄市永安區715,保興段,349,優先區,77.137
108378,EF311203530000,一般農業區,農牧用地,698,高雄市,永安區,高雄市永安區698,保興段,353,優先區,1752.947
108379,EF311203530000,一般農業區,農牧用地,715,高雄市,永安區,高雄市永安區715,保興段,353,優先區,22.458
108381,EF311203540000,一般農業區,農牧用地,698,高雄市,永安區,高雄市永安區698,保興段,354,優先區,493.647
108657,EF310006950000,一般農業區,農牧用地,3126,高雄市,永安區,高雄市永安區3126,烏樹林段,695,優先區,38.71
108658,EF310006950000,一般農業區,農牧用地,3108,高雄市,永安區,高雄市永安區3108,烏樹林段,695,優先區,215.402
108659,EF310006950000,一般農業區,農牧用地,3109,高雄市,永安區,高雄市永安區3109,烏樹林段,695,優先區,90.928
108660,EF310006950001,一般農業區,農牧用地,3205,高雄市,永安區,高雄市永安區3205,烏樹林段,695-1,優先區,36.313
108661,EF310006950004,一般農業區,農牧用地,3109,高雄市,永安區,高雄市永安區3109,烏樹林段,695-4,優先區,205.832
108662,EF310006960000,一般農業區,農牧用地,3126,高雄市,永安區,高雄市永安區3126,烏樹林段,696,優先區,106.075
108663,EF310006960000,一般農業區,農牧用地,3108,高雄市,永安區,高雄市永安區3108,烏樹林段,696,優先區,35.054
108664,EF310006960000,一般農業區,農牧用地,3109,高雄市,永安區,高雄市永安區3109,烏樹林段,696,優先區,643.256
108665,EF310006970000,一般農業區,農牧用地,3126,高雄市,永安區,高雄市永安區3126,烏樹林段,697,優先區,287.352
108666,EF310006970000,一般農業區,農牧用地,3109,高雄市,永安區,高雄市永安區3109,烏樹林段,697,優先區,327.226
108667,EF310006980000,一般農業區,農牧用地,3109,高雄市,永安區,高雄市永安區3109,烏樹林段,698,優先區,202.682
108668,EF310006990000,一般農業區,農牧用地,3109,高雄市,永安區,高雄市永安區3109,烏樹林段,699,優先區,201.691
108669,EF310006990000,一般農業區,農牧用地,3109,高雄市,永安區,高雄市永安區3109,烏樹林段,699,優先區,113.924
108670,EF310006990000,一般農業區,農牧用地,3128-1,高雄市,永安區,高雄市永安區3128-1,烏樹林段,699,優先區,256.809
108673,EF310006990000,一般農業區,農牧用地,3105,高雄市,永安區,高雄市永安區3105,烏樹林段,699,優先區,108.38
108674,EF310006990000,一般農業區,農牧用地,3103,高雄市,永安區,高雄市永安區3103,烏樹林段,699,優先區,126.463
108675,EF310006990000,一般農業區,農牧用地,3104,高雄市,永安區,高雄市永安區3104,烏樹林段,699,優先區,2.218
108686,EF310007010000,一般農業區,農牧用地,3103,高雄市,永安區,高雄市永安區3103,烏樹林段,701,優先區,398.754
108690,EF310007020001,一般農業區,農牧用地,3105,高雄市,永安區,高雄市永安區3105,烏樹林段,702-1,優先區,2.802
108695,EF310007020004,一般農業區,農牧用地,3103,高雄市,永安區,高雄市永安區3103,烏樹林段,702-4,優先區,112.698
108696,EF310007020004,一般農業區,農牧用地,3104,高雄市,永安區,高雄市永安區3104,烏樹林段,702-4,優先區,0.659
108697,EF310007020004,一般農業區,農牧用地,3104-1,高雄市,永安區,高雄市永安區3104-1,烏樹林段,702-4,優先區,73.597
108700,EF310007030000,一般農業區,農牧用地,3163,高雄市,永安區,高雄市永安區3163,烏樹林段,703,優先區,0.094
108715,EF310007070000,一般農業區,農牧用地,3160,高雄市,永安區,高雄市永安區3160,烏樹林段,707,優先區,384.535
108716,EF310007070000,一般農業區,農牧用地,3159,高雄市,永安區,高雄市永安區3159,烏樹林段,707,優先區,4.449
108720,EF310007070011,一般農業區,農牧用地,3160,高雄市,永安區,高雄市永安區3160,烏樹林段,707-11,優先區,194.613
108721,EF310007070011,一般農業區,農牧用地,3159,高雄市,永安區,高雄市永安區3159,烏樹林段,707-11,優先區,3.947
108722,EF310007070012,一般農業區,農牧用地,3159,高雄市,永安區,高雄市永安區3159,烏樹林段,707-12,優先區,94.957
108723,EF310007070013,一般農業區,農牧用地,3157,高雄市,永安區,高雄市永安區3157,烏樹林段,707-13,優先區,13.618
108724,EF310007070013,一般農業區,農牧用地,3156,高雄市,永安區,高雄市永安區3156,烏樹林段,707-13,優先區,29.004
108725,EF310007070013,一般農業區,農牧用地,3160,高雄市,永安區,高雄市永安區3160,烏樹林段,707-13,優先區,19.304
108726,EF310007070013,一般農業區,農牧用地,3159,高雄市,永安區,高雄市永安區3159,烏樹林段,707-13,優先區,78.696
108727,EF310007070013,一般農業區,農牧用地,3155,高雄市,永安區,高雄市永安區3155,烏樹林段,707-13,優先區,0.017
108728,EF310007070013,一般農業區,農牧用地,3151,高雄市,永安區,高雄市永安區3151,烏樹林段,707-13,優先區,0.069
108731,EF310007070038,一般農業區,農牧用地,3160,高雄市,永安區,高雄市永安區3160,烏樹林段,707-38,優先區,4.401
108732,EF310007080000,一般農業區,農牧用地,3174,高雄市,永安區,高雄市永安區3174,烏樹林段,708,優先區,2.251
108733,EF310007080000,一般農業區,農牧用地,3157,高雄市,永安區,高雄市永安區3157,烏樹林段,708,優先區,10.599
108734,EF310007080000,一般農業區,農牧用地,3156,高雄市,永安區,高雄市永安區3156,烏樹林段,708,優先區,340.703
108735,EF310007080000,一般農業區,農牧用地,3175,高雄市,永安區,高雄市永安區3175,烏樹林段,708,優先區,3.803
108736,EF310007090000,一般農業區,農牧用地,3175,高雄市,永安區,高雄市永安區3175,烏樹林段,709,優先區,51.38
108737,EF310007090000,一般農業區,農牧用地,3156,高雄市,永安區,高雄市永安區3156,烏樹林段,709,優先區,31.078
108738,EF310007090000,一般農業區,農牧用地,3155,高雄市,永安區,高雄市永安區3155,烏樹林段,709,優先區,213.55
108739,EF310007090000,一般農業區,農牧用地,3159,高雄市,永安區,高雄市永安區3159,烏樹林段,709,優先區,5.85
108740,EF310007090000,一般農業區,農牧用地,3151,高雄市,永安區,高雄市永安區3151,烏樹林段,709,優先區,1.192
108745,EF310007120000,一般農業區,農牧用地,3152,高雄市,永安區,高雄市永安區3152,烏樹林段,712,優先區,337.939
108746,EF310007120000,一般農業區,農牧用地,3153,高雄市,永安區,高雄市永安區3153,烏樹林段,712,優先區,328.443
108747,EF310007120000,一般農業區,農牧用地,3180,高雄市,永安區,高雄市永安區3180,烏樹林段,712,優先區,118.43
108748,EF310007130000,一般農業區,農牧用地,3152,高雄市,永安區,高雄市永安區3152,烏樹林段,713,優先區,153.572
108749,EF310007130000,一般農業區,農牧用地,3153,高雄市,永安區,高雄市永安區3153,烏樹林段,713,優先區,150.517
108750,EF310007130001,一般農業區,農牧用地,3180,高雄市,永安區,高雄市永安區3180,烏樹林段,713-1,優先區,480.418
108751,EF310007130001,一般農業區,農牧用地,3141,高雄市,永安區,高雄市永安區3141,烏樹林段,713-1,優先區,395.153
108752,EF310007130002,一般農業區,農牧用地,3180,高雄市,永安區,高雄市永安區3180,烏樹林段,713-2,優先區,0.802
108754,EF310007130002,一般農業區,農牧用地,3141,高雄市,永安區,高雄市永安區3141,烏樹林段,713-2,優先區,58.809
108759,EF310007170000,一般農業區,農牧用地,3205,高雄市,永安區,高雄市永安區3205,烏樹林段,717,優先區,806.814
108760,EF310007170001,一般農業區,農牧用地,3205,高雄市,永安區,高雄市永安區3205,烏樹林段,717-1,優先區,685.423
108939,EF310008220001,一般農業區,農牧用地,2771,高雄市,永安區,高雄市永安區2771,烏樹林段,822-1,優先區,1763.49
108940,EF310008220001,一般農業區,農牧用地,2783,高雄市,永安區,高雄市永安區2783,烏樹林段,822-1,優先區,2124.723
108989,EF310010140000,一般農業區,農牧用地,924,高雄市,永安區,高雄市永安區924,烏樹林段,1014,優先區,348.585
109143,EF311300020000,一般農業區,農牧用地,3225,高雄市,永安區,高雄市永安區3225,新港段,2,優先區,44.928
109148,EF311300620000,一般農業區,農牧用地,3210,高雄市,永安區,高雄市永安區3210,新港段,62,優先區,4.8
109149,EF311300620000,一般農業區,農牧用地,3208,高雄市,永安區,高雄市永安區3208,新港段,62,優先區,254.311
109151,EF311300620000,一般農業區,農牧用地,3224,高雄市,永安區,高雄市永安區3224,新港段,62,優先區,409.123
109152,EF311300620000,一般農業區,農牧用地,3223,高雄市,永安區,高雄市永安區3223,新港段,62,優先區,360.286
109153,EF311300620000,一般農業區,農牧用地,3223-1,高雄市,永安區,高雄市永安區3223-1,新港段,62,優先區,371.5
109154,EF311300620000,一般農業區,農牧用地,3198,高雄市,永安區,高雄市永安區3198,新港段,62,優先區,323.022
109160,EF311300650000,一般農業區,農牧用地,3222,高雄市,永安區,高雄市永安區3222,新港段,65,優先區,4.116
109161,EF311300650000,一般農業區,農牧用地,3210,高雄市,永安區,高雄市永安區3210,新港段,65,優先區,771.487
109162,EF311300650000,一般農業區,農牧用地,3209,高雄市,永安區,高雄市永安區3209,新港段,65,優先區,381.15
109163,EF311300650000,一般農業區,農牧用地,3224,高雄市,永安區,高雄市永安區3224,新港段,65,優先區,248.181
109164,EF311300650000,一般農業區,農牧用地,3208,高雄市,永安區,高雄市永安區3208,新港段,65,優先區,0.062
109165,EF311300660000,一般農業區,農牧用地,3209,高雄市,永安區,高雄市永安區3209,新港段,66,優先區,0.129
109166,EF311300660000,一般農業區,農牧用地,3224,高雄市,永安區,高雄市永安區3224,新港段,66,優先區,245.321
109169,EF311300670000,一般農業區,農牧用地,3210,高雄市,永安區,高雄市永安區3210,新港段,67,優先區,4.354
109183,EF311301360000,一般農業區,農牧用地,3260,高雄市,永安區,高雄市永安區3260,新港段,136,優先區,164.502
109190,EF311301490000,一般農業區,農牧用地,3244,高雄市,永安區,高雄市永安區3244,新港段,149,優先區,181.717
109194,EF311301510000,一般農業區,農牧用地,3244,高雄市,永安區,高雄市永安區3244,新港段,151,優先區,9.55
109283,EF311301940000,一般農業區,農牧用地,2856,高雄市,永安區,高雄市永安區2856,新港段,194,優先區,0.232
109475,EF311304420000,一般農業區,農牧用地,2832,高雄市,永安區,高雄市永安區2832,新港段,442,優先區,445.159
109476,EF311304420000,一般農業區,農牧用地,3280,高雄市,永安區,高雄市永安區3280,新港段,442,優先區,633.061
109484,EF311304450000,一般農業區,農牧用地,3260,高雄市,永安區,高雄市永安區3260,新港段,445,優先區,53.758
109485,EF311304450000,一般農業區,農牧用地,3259,高雄市,永安區,高雄市永安區3259,新港段,445,優先區,459.692
109486,EF311304450000,一般農業區,農牧用地,3258,高雄市,永安區,高雄市永安區3258,新港段,445,優先區,1028.642
109487,EF311304450000,一般農業區,農牧用地,3257,高雄市,永安區,高雄市永安區3257,新港段,445,優先區,292.346
109488,EF311304450000,一般農業區,農牧用地,3237,高雄市,永安區,高雄市永安區3237,新港段,445,優先區,673.553
109489,EF311304450000,一般農業區,農牧用地,3235,高雄市,永安區,高雄市永安區3235,新港段,445,優先區,718.721
109492,EF311304450000,一般農業區,農牧用地,3238,高雄市,永安區,高雄市永安區3238,新港段,445,優先區,713.093
109493,EF311304450000,一般農業區,農牧用地,3245,高雄市,永安區,高雄市永安區3245,新港段,445,優先區,118.417
109494,EF311304450000,一般農業區,農牧用地,3234,高雄市,永安區,高雄市永安區3234,新港段,445,優先區,1537.281
109496,EF311304450000,一般農業區,農牧用地,3250-1,高雄市,永安區,高雄市永安區3250-1,新港段,445,優先區,271.54
109497,EF311304450000,一般農業區,農牧用地,3255,高雄市,永安區,高雄市永安區3255,新港段,445,優先區,1494.436
109498,EF311304450000,一般農業區,農牧用地,3250,高雄市,永安區,高雄市永安區3250,新港段,445,優先區,1514.018
109500,EF311304450000,一般農業區,農牧用地,3254,高雄市,永安區,高雄市永安區3254,新港段,445,優先區,901.122
109501,EF311304450000,一般農業區,農牧用地,3239,高雄市,永安區,高雄市永安區3239,新港段,445,優先區,876.698
109503,EF311304500000,一般農業區,農牧用地,3257,高雄市,永安區,高雄市永安區3257,新港段,450,優先區,1021.736
109505,EF311304500000,一般農業區,農牧用地,3245,高雄市,永安區,高雄市永安區3245,新港段,450,優先區,970.746
109513,EF311304570000,一般農業區,農牧用地,3274,高雄市,永安區,高雄市永安區3274,新港段,457,優先區,722.998
109518,EF311304570000,一般農業區,農牧用地,3262,高雄市,永安區,高雄市永安區3262,新港段,457,優先區,823.421
109519,EF311304570000,一般農業區,農牧用地,3271,高雄市,永安區,高雄市永安區3271,新港段,457,優先區,1041.911
109520,EF311304570000,一般農業區,農牧用地,3265,高雄市,永安區,高雄市永安區3265,新港段,457,優先區,250.958
109521,EF311304570000,一般農業區,農牧用地,3261,高雄市,永安區,高雄市永安區3261,新港段,457,優先區,856.694
109523,EF311304570000,一般農業區,農牧用地,3266,高雄市,永安區,高雄市永安區3266,新港段,457,優先區,551.535
109528,EF311304570000,一般農業區,農牧用地,3268,高雄市,永安區,高雄市永安區3268,新港段,457,優先區,380.709
109537,EF311304570000,一般農業區,農牧用地,2978,高雄市,永安區,高雄市永安區2978,新港段,457,優先區,817.796
109538,EF311304570000,一般農業區,農牧用地,2991,高雄市,永安區,高雄市永安區2991,新港段,457,優先區,87.821
109668,EF311305050000,一般農業區,農牧用地,2957,高雄市,永安區,高雄市永安區2957,新港段,505,優先區,186.498
109684,EF311305150000,一般農業區,農牧用地,2968,高雄市,永安區,高雄市永安區2968,新港段,515,優先區,4.049
109685,EF311305150000,一般農業區,農牧用地,2967,高雄市,永安區,高雄市永安區2967,新港段,515,優先區,4.449
109686,EF311305150000,一般農業區,農牧用地,2966,高雄市,永安區,高雄市永安區2966,新港段,515,優先區,55.58
109689,EF311305160000,一般農業區,農牧用地,2960,高雄市,永安區,高雄市永安區2960,新港段,516,優先區,80.169
109690,EF311305160000,一般農業區,農牧用地,2959,高雄市,永安區,高雄市永安區2959,新港段,516,優先區,42.029
109691,EF311305160000,一般農業區,農牧用地,2968,高雄市,永安區,高雄市永安區2968,新港段,516,優先區,111.596
109692,EF311305160000,一般農業區,農牧用地,2967,高雄市,永安區,高雄市永安區2967,新港段,516,優先區,135.801
109693,EF311305160000,一般農業區,農牧用地,2966,高雄市,永安區,高雄市永安區2966,新港段,516,優先區,354.821
109695,EF311305160000,一般農業區,農牧用地,2953,高雄市,永安區,高雄市永安區2953,新港段,516,優先區,394.048
109696,EF311305160000,一般農業區,農牧用地,2957,高雄市,永安區,高雄市永安區2957,新港段,516,優先區,1.141
109699,EF311305170000,一般農業區,農牧用地,2960,高雄市,永安區,高雄市永安區2960,新港段,517,優先區,71.34
109791,EF311305480000,一般農業區,農牧用地,3037,高雄市,永安區,高雄市永安區3037,新港段,548,優先區,1.096
109792,EF311305490000,一般農業區,農牧用地,3037,高雄市,永安區,高雄市永安區3037,新港段,549,優先區,0.179
109800,EF311305520000,一般農業區,農牧用地,3031,高雄市,永安區,高雄市永安區3031,新港段,552,優先區,0.613
109829,EF311305610000,一般農業區,農牧用地,3031,高雄市,永安區,高雄市永安區3031,新港段,561,優先區,576.312
109830,EF311305610000,一般農業區,農牧用地,3015,高雄市,永安區,高雄市永安區3015,新港段,561,優先區,99.469
109832,EF311305610000,一般農業區,農牧用地,3044,高雄市,永安區,高雄市永安區3044,新港段,561,優先區,11.506
109833,EF311305620000,一般農業區,農牧用地,3015,高雄市,永安區,高雄市永安區3015,新港段,562,優先區,680.171
109834,EF311305620000,一般農業區,農牧用地,3044,高雄市,永安區,高雄市永安區3044,新港段,562,優先區,9.396
109836,EF311305670000,一般農業區,農牧用地,3016,高雄市,永安區,高雄市永安區3016,新港段,567,優先區,58.572
109837,EF311305670000,一般農業區,農牧用地,3043,高雄市,永安區,高雄市永安區3043,新港段,567,優先區,73.971
109853,EF311305850000,一般農業區,農牧用地,3065-1,高雄市,永安區,高雄市永安區3065-1,新港段,585,優先區,38.627
109854,EF311305850000,一般農業區,農牧用地,3065,高雄市,永安區,高雄市永安區3065,新港段,585,優先區,6.541
109888,EF311305990000,一般農業區,農牧用地,3044,高雄市,永安區,高雄市永安區3044,新港段,599,優先區,696.791
109889,EF311305990000,一般農業區,農牧用地,3016,高雄市,永安區,高雄市永安區3016,新港段,599,優先區,129.929
109890,EF311305990000,一般農業區,農牧用地,3043,高雄市,永安區,高雄市永安區3043,新港段,599,優先區,539.816
109892,EF311306000000,一般農業區,農牧用地,3043,高雄市,永安區,高雄市永安區3043,新港段,600,優先區,51.917
109895,EF311306010000,一般農業區,農牧用地,3024,高雄市,永安區,高雄市永安區3024,新港段,601,優先區,3.051
109908,EF311306050000,一般農業區,農牧用地,3024,高雄市,永安區,高雄市永安區3024,新港段,605,優先區,409.581
110194,EF311306450000,一般農業區,農牧用地,3050,高雄市,永安區,高雄市永安區3050,新港段,645,優先區,89.463
110195,EF311306450000,一般農業區,農牧用地,3077,高雄市,永安區,高雄市永安區3077,新港段,645,優先區,83.925
110197,EF311306450000,一般農業區,農牧用地,3063,高雄市,永安區,高雄市永安區3063,新港段,645,優先區,69.57
110201,EF311306460000,一般農業區,農牧用地,3050,高雄市,永安區,高雄市永安區3050,新港段,646,優先區,122.463
110202,EF311306460000,一般農業區,農牧用地,3077,高雄市,永安區,高雄市永安區3077,新港段,646,優先區,126.695
110203,EF311306460000,一般農業區,農牧用地,3063,高雄市,永安區,高雄市永安區3063,新港段,646,優先區,109.29
110204,EF311306470000,一般農業區,農牧用地,3086,高雄市,永安區,高雄市永安區3086,新港段,647,優先區,91.326
110205,EF311306470000,一般農業區,農牧用地,3085,高雄市,永安區,高雄市永安區3085,新港段,647,優先區,330.039
110207,EF311306470000,一般農業區,農牧用地,3053,高雄市,永安區,高雄市永安區3053,新港段,647,優先區,268.524
110209,EF311306470000,一般農業區,農牧用地,3073,高雄市,永安區,高雄市永安區3073,新港段,647,優先區,332.774
110211,EF311306470000,一般農業區,農牧用地,3065,高雄市,永安區,高雄市永安區3065,新港段,647,優先區,306.506
110212,EF311306470000,一般農業區,農牧用地,3065-1,高雄市,永安區,高雄市永安區3065-1,新港段,647,優先區,77.631
110215,EF311306470000,一般農業區,農牧用地,3070,高雄市,永安區,高雄市永安區3070,新港段,647,優先區,841.124
110217,EF311306470000,一般農業區,農牧用地,3064,高雄市,永安區,高雄市永安區3064,新港段,647,優先區,209.42
110218,EF311306470000,一般農業區,農牧用地,3076,高雄市,永安區,高雄市永安區3076,新港段,647,優先區,431.234
110221,EF311306470000,一般農業區,農牧用地,3069,高雄市,永安區,高雄市永安區3069,新港段,647,優先區,233.666
110226,EF311306810000,一般農業區,農牧用地,3059,高雄市,永安區,高雄市永安區3059,新港段,681,優先區,228.897
110227,EF311306820000,一般農業區,農牧用地,3059,高雄市,永安區,高雄市永安區3059,新港段,682,優先區,846.838
110228,EF311306820000,一般農業區,農牧用地,3093,高雄市,永安區,高雄市永安區3093,新港段,682,優先區,344.451
110229,EF311306820000,一般農業區,農牧用地,3095,高雄市,永安區,高雄市永安區3095,新港段,682,優先區,182.054
110230,EF311306820000,一般農業區,農牧用地,3095,高雄市,永安區,高雄市永安區3095,新港段,682,優先區,434.119
110231,EF311306820000,一般農業區,農牧用地,3094,高雄市,永安區,高雄市永安區3094,新港段,682,優先區,859.999
110232,EF311306820000,一般農業區,農牧用地,3096,高雄市,永安區,高雄市永安區3096,新港段,682,優先區,639.895
110235,EF311306820000,一般農業區,農牧用地,2643,高雄市,永安區,高雄市永安區2643,新港段,682,優先區,35.23
110238,EF311306820000,一般農業區,農牧用地,2616,高雄市,永安區,高雄市永安區2616,新港段,682,優先區,189.161
110241,EF311306830000,一般農業區,農牧用地,3059,高雄市,永安區,高雄市永安區3059,新港段,683,優先區,11.339
110247,EF311307320000,一般農業區,農牧用地,2564,高雄市,永安區,高雄市永安區2564,新港段,732,優先區,360.051
110251,EF311307330000,一般農業區,農牧用地,2550,高雄市,永安區,高雄市永安區2550,新港段,733,優先區,203.696
110260,EF311307370000,一般農業區,農牧用地,2555,高雄市,永安區,高雄市永安區2555,新港段,737,優先區,114.102
110261,EF311307370000,一般農業區,農牧用地,2563,高雄市,永安區,高雄市永安區2563,新港段,737,優先區,749.932
110263,EF311307370000,一般農業區,農牧用地,2564,高雄市,永安區,高雄市永安區2564,新港段,737,優先區,8.536
110304,EF311308000000,一般農業區,農牧用地,3096,高雄市,永安區,高雄市永安區3096,新港段,800,優先區,598.43
110305,EF311308010000,一般農業區,農牧用地,3096,高雄市,永安區,高雄市永安區3096,新港段,801,優先區,10.486
110306,EF311308030000,一般農業區,農牧用地,3096,高雄市,永安區,高雄市永安區3096,新港段,803,優先區,43.975
110317,EF311308090000,一般農業區,農牧用地,2616,高雄市,永安區,高雄市永安區2616,新港段,809,優先區,418.267
110318,EF311308100000,一般農業區,農牧用地,2616,高雄市,永安區,高雄市永安區2616,新港段,810,優先區,63.492
110320,EF311308110000,一般農業區,農牧用地,2622,高雄市,永安區,高雄市永安區2622,新港段,811,優先區,0.253
110324,EF311308110000,一般農業區,農牧用地,2616,高雄市,永安區,高雄市永安區2616,新港段,811,優先區,22.229
110327,EF311308130000,一般農業區,農牧用地,2622,高雄市,永安區,高雄市永安區2622,新港段,813,優先區,31.796
110328,EF311308140000,一般農業區,農牧用地,2625,高雄市,永安區,高雄市永安區2625,新港段,814,優先區,0.925
110329,EF311308140000,一般農業區,農牧用地,2625,高雄市,永安區,高雄市永安區2625,新港段,814,優先區,39.698
110330,EF311308150000,一般農業區,農牧用地,2625,高雄市,永安區,高雄市永安區2625,新港段,815,優先區,3.577
110331,EF311308150000,一般農業區,農牧用地,2633,高雄市,永安區,高雄市永安區2633,新港段,815,優先區,5.589
110332,EF311308210000,一般農業區,農牧用地,2623,高雄市,永安區,高雄市永安區2623,新港段,821,優先區,8.016
110333,EF311308210000,一般農業區,農牧用地,2621,高雄市,永安區,高雄市永安區2621,新港段,821,優先區,210.31
110334,EF311308210000,一般農業區,農牧用地,2634,高雄市,永安區,高雄市永安區2634,新港段,821,優先區,109.716
110335,EF311308210000,一般農業區,農牧用地,2620,高雄市,永安區,高雄市永安區2620,新港段,821,優先區,716.493
110337,EF311308210000,一般農業區,農牧用地,2693,高雄市,永安區,高雄市永安區2693,新港段,821,優先區,22.108
110338,EF311308220000,一般農業區,農牧用地,2620,高雄市,永安區,高雄市永安區2620,新港段,822,優先區,99.522
110341,EF311308240000,一般農業區,農牧用地,2623,高雄市,永安區,高雄市永安區2623,新港段,824,優先區,433.043
110342,EF311308240000,一般農業區,農牧用地,2632,高雄市,永安區,高雄市永安區2632,新港段,824,優先區,73.942
110343,EF311308300000,一般農業區,農牧用地,2630,高雄市,永安區,高雄市永安區2630,新港段,830,優先區,138.268
110344,EF311308310000,一般農業區,農牧用地,2633,高雄市,永安區,高雄市永安區2633,新港段,831,優先區,602.954
110345,EF311308310000,一般農業區,農牧用地,2625,高雄市,永安區,高雄市永安區2625,新港段,831,優先區,19.263
110346,EF311308320000,一般農業區,農牧用地,2625,高雄市,永安區,高雄市永安區2625,新港段,832,優先區,823.781
110347,EF311308320000,一般農業區,農牧用地,2633,高雄市,永安區,高雄市永安區2633,新港段,832,優先區,2.406
110373,EF311308490000,一般農業區,農牧用地,2623,高雄市,永安區,高雄市永安區2623,新港段,849,優先區,4.059
110374,EF311308490000,一般農業區,農牧用地,2634,高雄市,永安區,高雄市永安區2634,新港段,849,優先區,623.882
110375,EF311308490000,一般農業區,農牧用地,2632,高雄市,永安區,高雄市永安區2632,新港段,849,優先區,0.32
110376,EF311308490000,一般農業區,農牧用地,2693,高雄市,永安區,高雄市永安區2693,新港段,849,優先區,17.205
110400,EF311309320000,一般農業區,農牧用地,2679-1,高雄市,永安區,高雄市永安區2679-1,新港段,932,優先區,184.896
110401,EF311309320000,一般農業區,農牧用地,2679,高雄市,永安區,高雄市永安區2679,新港段,932,優先區,274.926
110417,EF311309400000,一般農業區,農牧用地,2743,高雄市,永安區,高雄市永安區2743,新港段,940,優先區,511.228
111138,EF311505440000,一般農業區,農牧用地,2720,高雄市,永安區,高雄市永安區2720,永華段,544,優先區,108.555
111535,EF311506760000,一般農業區,農牧用地,2743,高雄市,永安區,高雄市永安區2743,永華段,676,優先區,663.453
111545,EF311506780000,一般農業區,農牧用地,2743,高雄市,永安區,高雄市永安區2743,永華段,678,優先區,43.355
111550,EF311506780000,一般農業區,農牧用地,2720,高雄市,永安區,高雄市永安區2720,永華段,678,優先區,195.942
111970,EF311508660000,一般農業區,農牧用地,2339,高雄市,永安區,高雄市永安區2339,永華段,866,優先區,196.131
111971,EF311508660000,一般農業區,農牧用地,2339-1,高雄市,永安區,高雄市永安區2339-1,永華段,866,優先區,442.901
111972,EF311508670000,一般農業區,農牧用地,2339,高雄市,永安區,高雄市永安區2339,永華段,867,優先區,357.938
111973,EF311508670000,一般農業區,農牧用地,2340,高雄市,永安區,高雄市永安區2340,永華段,867,優先區,4.311
111975,EF311508690000,一般農業區,農牧用地,2340,高雄市,永安區,高雄市永安區2340,永華段,869,優先區,741.935
111976,EF311508690000,一般農業區,農牧用地,2339,高雄市,永安區,高雄市永安區2339,永華段,869,優先區,0.117
111977,EF311508690000,一般農業區,農牧用地,2339-1,高雄市,永安區,高雄市永安區2339-1,永華段,869,優先區,21.902
111978,EF311508690000,一般農業區,農牧用地,2337-1,高雄市,永安區,高雄市永安區2337-1,永華段,869,優先區,2.486
111979,EF311508730000,一般農業區,農牧用地,2340,高雄市,永安區,高雄市永安區2340,永華段,873,優先區,1.002
111980,EF311508730000,一般農業區,農牧用地,2337,高雄市,永安區,高雄市永安區2337,永華段,873,優先區,220.702
111981,EF311508730000,一般農業區,農牧用地,2337-1,高雄市,永安區,高雄市永安區2337-1,永華段,873,優先區,1777.102
111982,EF311508740000,一般農業區,農牧用地,2340,高雄市,永安區,高雄市永安區2340,永華段,874,優先區,15.037
111983,EF311508740000,一般農業區,農牧用地,2337,高雄市,永安區,高雄市永安區2337,永華段,874,優先區,1283.677
111989,EF311508770000,一般農業區,農牧用地,2337-1,高雄市,永安區,高雄市永安區2337-1,永華段,877,優先區,22.083
112031,EF330206120005,特定農業區,農牧用地,72,高雄市,梓官區,高雄市梓官區72,茄苳坑段,612-5,優先區,4613.214
112034,EF330206120006,特定農業區,農牧用地,97,高雄市,梓官區,高雄市梓官區97,茄苳坑段,612-6,優先區,76.028
112037,EF330206120007,特定農業區,農牧用地,72,高雄市,梓官區,高雄市梓官區72,茄苳坑段,612-7,優先區,62.4
112038,EF330206120013,特定農業區,農牧用地,72,高雄市,梓官區,高雄市梓官區72,茄苳坑段,612-13,優先區,1.769
112045,EF330206120024,特定農業區,農牧用地,97,高雄市,梓官區,高雄市梓官區97,茄苳坑段,612-24,優先區,4119.372
112047,EF330206120025,特定農業區,農牧用地,97,高雄市,梓官區,高雄市梓官區97,茄苳坑段,612-25,優先區,364.341
112087,EF330206120042,特定農業區,農牧用地,95-1,高雄市,梓官區,高雄市梓官區95-1,茄苳坑段,612-42,優先區,4992.966